,Organism,net_diff,median_net_diff,Norm
0,e_coli_core,-31.58983143197441,-3.80099928186436,Zero
1,e_coli_core,-32.547971702166485,-4.113072666899069,One
2,e_coli_core,-32.05744736173537,-3.796518401141752,Two
