,Organism,net_diff,median_net_diff,Norm
0,iECW_1372,-3.69342911603148,-2.325134399755856,Zero
1,iECW_1372,-3.263893122894435,-0.9964861713217656,One
2,iECW_1372,-3.560177443769459,-1.656711281892305,Two
