,Organism,num_diff,median_num_diff,Norm
0,iECW_1372,-9.270676691729324,-10.0,Zero
1,iECW_1372,-7.834586466165414,-7.0,One
2,iECW_1372,-82.54887218045113,-128.0,Two
