,Organism,sl_size,median_sl_size,Norm
0,iECW_1372,65.93984962406014,29.0,Zero
1,iECW_1372,65.19548872180451,29.0,One
2,iECW_1372,975.3684210526316,1204.0,Two
