,Organism,common_sl_size,median_common_sl_size,Norm
0,iECW_1372,31.52255639097744,0.0,Zero
1,iECW_1372,32.38721804511278,0.0,One
2,iECW_1372,267.49624060150376,315.0,Two
