,Organism,num_diff,median_num_diff,Norm
0,iIT341,12.574074074074074,1.0,Zero
1,iIT341,13.51851851851852,1.0,One
2,iIT341,11.51851851851852,4.0,Two
