,Organism,net_diff,median_net_diff,Norm
0,iIT341,1.2717671972811972,0.0112533361220514,Zero
1,iIT341,0.0230300012427383,0.0112771886785315,One
2,iIT341,-0.1784549494266926,0.000122097419359,Two
