,Organism,sl_size,median_sl_size,Norm
0,iIT341,66.94444444444444,23.0,Zero
1,iIT341,67.88888888888889,24.0,One
2,iIT341,141.40740740740742,144.0,Two
