,Organism,common_sl_size,median_common_sl_size,Norm
0,iIT341,49.44444444444444,3.5,Zero
1,iIT341,49.01851851851852,3.5,One
2,iIT341,65.37037037037037,17.5,Two
