,Organism,common_sl_size,median_common_sl_size,Norm
0,iJO1366,33.5634328358209,0.5,Zero
1,iJO1366,33.791044776119406,1.0,One
2,iJO1366,270.82089552238807,307.0,Two
