,Organism,sl_size,median_sl_size,Norm
0,iJO1366,67.71268656716418,29.0,Zero
1,iJO1366,67.35074626865672,29.0,One
2,iJO1366,959.5298507462686,1163.0,Two
