,Organism,num_diff,median_num_diff,Norm
0,iJO1366,-6.787313432835821,-5.0,Zero
1,iJO1366,-6.619402985074627,-5.0,One
2,iJO1366,-87.61194029850746,-141.0,Two
