,Organism,net_diff,median_net_diff,Norm
0,iML1515,-2.5796564210174946,-0.3474923459099273,Zero
1,iML1515,-2.552473968584542,-0.2965004077409946,One
2,iML1515,-3.061543321340688,-0.685840151199809,Two
