,Organism,num_diff,median_num_diff,Norm
0,iML1515,-4.856643356643357,-5.0,Zero
1,iML1515,-4.804195804195804,-3.0,One
2,iML1515,-81.08391608391608,-117.0,Two
