,Organism,sl_size,median_sl_size,Norm
0,iML1515,67.22027972027972,29.0,Zero
1,iML1515,66.91608391608392,29.0,One
2,iML1515,1011.5524475524476,1270.0,Two
