,Organism,common_sl_size,median_common_sl_size,Norm
0,iML1515,34.25524475524475,0.0,Zero
1,iML1515,35.29370629370629,0.0,One
2,iML1515,278.53846153846155,320.0,Two
