,Organism,sl_size,median_sl_size,Norm
0,iNJ661,60.81333333333333,6.0,Zero
1,iNJ661,60.41333333333333,6.0,One
2,iNJ661,244.6533333333333,314.0,Two
