,Organism,net_diff,median_net_diff,Norm
0,iNJ661,-0.163707999101083,-1.3634552578856362e-05,Zero
1,iNJ661,-0.1957984958930594,-1.3628350319356347e-05,One
2,iNJ661,-0.1893493063149274,-0.0016076209301399,Two
