,Organism,common_sl_size,median_common_sl_size,Norm
0,iNJ661,37.09333333333333,3.0,Zero
1,iNJ661,36.373333333333335,2.0,One
2,iNJ661,79.41333333333333,58.0,Two
