,Organism,common_sl_size,median_common_sl_size,Norm
0,iPC815,43.26984126984127,8.0,Zero
1,iPC815,43.79365079365079,7.0,One
2,iPC815,188.3968253968254,181.0,Two
