,Organism,num_diff,median_num_diff,Norm
0,iPC815,-0.4021164021164021,-1.0,Zero
1,iPC815,-3.1481481481481484,-4.0,One
2,iPC815,-0.0052910052910052,1.0,Two
