,Organism,sl_size,median_sl_size,Norm
0,iPC815,120.91005291005293,48.0,Zero
1,iPC815,125.16931216931216,55.0,One
2,iPC815,640.3544973544973,710.0,Two
