,Organism,net_diff,median_net_diff,Norm
0,iPC815,-0.1190121064140925,-1.32765998060235e-05,Zero
1,iPC815,-0.2133550709490696,-1.1536474210332432e-05,One
2,iPC815,0.0352521410545514,-0.0004811703397898,Two
