,Organism,sl_size,median_sl_size,Norm
0,iSSON_1240,64.64419475655431,29.0,Zero
1,iSSON_1240,63.73033707865169,26.0,One
2,iSSON_1240,935.2172284644196,1155.0,Two
