,Organism,common_sl_size,median_common_sl_size,Norm
0,iYL1228,49.86805555555556,5.0,Zero
1,iYL1228,49.85416666666666,6.0,One
2,iYL1228,212.10416666666663,214.5,Two
