,Organism,net_diff,median_net_diff,Norm
0,iYL1228,-0.3485337468312323,-5.167217016074856e-07,Zero
1,iYL1228,-0.2664221234261813,-9.650286984610085e-07,One
2,iYL1228,0.1392123050384155,-0.0008572820534233,Two
