,Organism,num_diff,median_num_diff,Norm
0,iYL1228,-1.1458333333333333,-1.0,Zero
1,iYL1228,-1.0416666666666667,0.0,One
2,iYL1228,10.65972222222222,11.5,Two
