,Organism,sl_size,median_sl_size,Norm
0,iYL1228,104.15972222222224,24.0,Zero
1,iYL1228,104.08333333333331,24.0,One
2,iYL1228,699.9375,839.5,Two
