,Organism,common_sl_size,median_common_sl_size,Norm
0,iYS1720,41.54545454545455,1.0,Zero
1,iYS1720,40.906060606060606,0.0,One
2,iYS1720,292.530303030303,292.0,Two
