,Organism,sl_size,median_sl_size,Norm
0,iYS1720,84.01818181818182,28.0,Zero
1,iYS1720,82.21818181818182,24.0,One
2,iYS1720,1027.7333333333331,1108.0,Two
