,Organism,num_diff,median_num_diff,Norm
0,iYS1720,-4.254545454545455,-8.0,Zero
1,iYS1720,-3.5454545454545454,-7.0,One
2,iYS1720,-72.56969696969696,-91.0,Two
