,Organism,net_diff,median_net_diff,Norm
0,iYS1720,-0.5402227923405681,-0.3075789709245351,Zero
1,iYS1720,-0.5068425840409971,-0.16699944351085,One
2,iYS1720,-0.7801902992572741,-0.3604866746018963,Two
