Organism,num_diff,median_num_diff
STM_v1_0,19.75147928994083,1.0
e_coli_core,-2.352272727272727,-2.0
iIT341,10.279069767441861,1.0
iJO1366,3.654135338345865,-5.0
iML1515,1.2385964912280703,-4.0
iNJ661,-2.8,-1.0
iPC815,-4.296296296296297,-1.0
iSSON_1240,5.646616541353383,-7.0
iYL1228,2.4375,1.0
