Organism,common_sl_size,median_common_sl_size
STM_v1_0,91.42857142857143,2.0
e_coli_core,26.943181818181817,31.0
iECW_1372,32.38721804511278,0.0
iIT341,49.01851851851852,3.5
iJO1366,33.791044776119406,1.0
iML1515,35.29370629370629,0.0
iNJ661,36.373333333333335,2.0
iPC815,43.79365079365079,7.0
iSSON_1240,31.39325842696629,1.0
iYL1228,49.854166666666664,6.0
iYS1720,40.906060606060606,0.0
