Organism,net_diff,median_net_diff
STM_v1_0,3.739606734014334,0.00127602913485
e_coli_core,-41.10925903717179,-9.310089494778566
iIT341,0.38508474267242776,0.03290856992394589
iJO1366,1.93670078693575,-0.9963776457066053
iML1515,-0.1268354082726955,-0.5930008154822111
iNJ661,-0.030508199034171842,-0.00023831294175980997
iPC815,-0.9214647550038467,-3.0227402167886606e-05
iSSON_1240,3.7752642640451217,-1.6610925873372238
iYL1228,-0.9909746518052559,3.097692642317282e-07
