Organism,common_sl_size,median_common_sl_size
STM_v1_0,50.48809523809524,18.5
e_coli_core,13.375,15.0
iIT341,18.25925925925926,2.0
iJO1366,23.100746268656717,15.0
iML1515,22.517482517482517,13.0
iNJ661,19.066666666666666,2.0
iPC815,22.582010582010582,15.0
iSSON_1240,24.704119850187265,15.0
iYL1228,29.006944444444443,7.0
