Organism,num_diff,median_num_diff
STM_v1_0,-8.166666666666666,-1.5
e_coli_core,-1.4318181818181819,-1.0
iECW_1372,-7.834586466165414,-7.0
iIT341,13.518518518518519,1.0
iJO1366,-6.619402985074627,-5.0
iML1515,-4.804195804195804,-3.0
iNJ661,-7.88,-1.0
iPC815,-3.1481481481481484,-4.0
iSSON_1240,-3.49812734082397,-7.0
iYL1228,-1.0416666666666667,0.0
iYS1720,-3.5454545454545454,-7.0
