Organism,common_sl_size,median_common_sl_size
STM_v1_0,42.26190476190476,1.0
e_coli_core,12.818181818181818,15.5
iEK1008,25.59235668789809,3.0
iIT341,16.203703703703702,2.0
iJO1366,14.574626865671641,0.0
iML1515,14.611888111888112,0.0
iNJ661,16.4,1.0
iPC815,16.523809523809526,4.0
iSSON_1240,15.797752808988765,0.0
iYL1228,22.055555555555557,3.0
