Organism,num_diff,median_num_diff
STM_v1_0,36.720238095238095,-2.0
e_coli_core,12.465909090909092,20.0
iEK1008,10.445859872611464,-15.0
iIT341,6.074074074074074,2.0
iJO1366,-4.287313432835821,-17.0
iML1515,-1.993006993006993,-16.0
iNJ661,5.56,2.0
iPC815,-19.793650793650794,-2.0
iSSON_1240,-0.36329588014981273,-17.0
iYL1228,-15.875,-5.0
