Organism,sl_size,median_sl_size
STM_v1_0,62.791666666666664,6
e_coli_core,19.147727272727273,22
iEK1008,44.496815286624205,20
iIT341,27.37037037037037,15
iJO1366,31.83955223880597,17
iML1515,30.93006993006993,16
iNJ661,27.88,3
iPC815,61.52910052910053,22
iSSON_1240,33.49438202247191,18
iYL1228,51.55555555555556,15
