Organism,sl_size,median_sl_size
STM_v1_0,134.9467455621302,15
e_coli_core,40.85227272727273,47
iIT341,79.3953488372093,21
iJO1366,67.74436090225564,29
iML1515,66.94385964912281,28
iNJ661,60.32,6
iPC815,125.07936507936508,55
iSSON_1240,63.81203007518797,29
iYL1228,104.27083333333333,24
