Organism,common_sl_size,median_common_sl_size
STM_v1_0,91.57988165680473,2.0
e_coli_core,27.011363636363637,31.0
iIT341,61.651162790697676,9.0
iJO1366,34.18796992481203,1.0
iML1515,35.38947368421053,1.0
iNJ661,36.49333333333333,2.0
iPC815,44.34920634920635,8.0
iSSON_1240,31.507518796992482,1.0
iYL1228,49.55555555555556,6.5
