,Organism,net_diff,median_net_diff,Norm
0,STM_v1_0,-4.353015242840246,-0.0001853310482744,Zero
1,STM_v1_0,-4.455258625299722,-0.0001584331729761,One
2,STM_v1_0,-4.738515989319875,-0.0017046803620055,Two
