,Organism,sl_size,median_sl_size,Norm
0,STM_v1_0,134.52380952380952,15.0,Zero
1,STM_v1_0,133.8095238095238,15.0,One
2,STM_v1_0,786.6904761904761,854.0,Two
