Organism,num_diff,median_num_diff
STM_v1_0,-90.86904761904762,-82.5
e_coli_core,16.318181818181817,24.0
iEK1008,-89.61783439490446,-190.0
iIT341,2.425925925925926,14.5
iJO1366,-420.5634328358209,-665.0
iML1515,-431.06293706293707,-686.0
iNJ661,10.68,2.0
iPC815,-23.835978835978835,-28.0
iSSON_1240,-395.72659176029964,-643.0
iYL1228,-136.47222222222223,-230.0
