Organism,sl_size,median_sl_size
STM_v1_0,394.8452380952381,437
e_coli_core,25.65909090909091,25
iEK1008,207.35031847133757,226
iIT341,65.57407407407408,66
iJO1366,531.4888059701492,667
iML1515,561.6433566433567,686
iNJ661,122.04,144
iPC815,321.12698412698415,336
iSSON_1240,516.9325842696629,647
iYL1228,350.125,373
