Organism,num_diff,median_num_diff
STM_v1_0,-19.005917159763314,246.0
e_coli_core,41.98863636363637,56.0
iIT341,7.348837209302325,8.0
iJO1366,-675.1654135338346,-1163.0
iML1515,-709.6736842105263,-1270.0
iNJ661,41.61333333333334,6.0
iPC815,151.27513227513228,539.0
iSSON_1240,-677.812030075188,-1155.0
iYL1228,-197.47916666666666,-473.0
