Organism,net_diff,median_net_diff
STM_v1_0,51.71233991625321,0.0017644595544430647
e_coli_core,274.879188501003,398.56373030274403
iIT341,25.39581282609327,0.10664128711930397
iJO1366,21.38899644585315,-17.870495933816862
iML1515,33.84005691597546,-6.81113924574534
iNJ661,1.476865527747161,0.007053915015000002
iPC815,6.324404771566366,0.02090644598118952
iSSON_1240,21.68226899672188,-16.863984956523897
iYL1228,18.168341033411195,-0.020225325545811183
