Organism,sl_size,median_sl_size
STM_v1_0,789.4437869822485,854.0
e_coli_core,53.28409090909091,56.0
iIT341,166.32558139534885,157.0
iJO1366,966.7142857142857,1163.0
iML1515,1015.0912280701755,1270.0
iNJ661,244.65333333333334,314.0
iPC815,640.3544973544973,710.0
iSSON_1240,938.7218045112782,1155.0
iYL1228,699.9375,839.5
