Organism,common_sl_size,median_common_sl_size
STM_v1_0,125.26190476190476,109.0
e_coli_core,14.488636363636363,16.0
iEK1008,67.04458598726114,61.0
iIT341,25.27777777777778,8.5
iJO1366,147.22761194029852,158.5
iML1515,150.03496503496504,147.5
iNJ661,38.266666666666666,24.0
iPC815,89.25396825396825,86.0
iSSON_1240,133.7453183520599,142.0
iYL1228,99.14583333333333,87.0
