Organism,common_sl_size,median_common_sl_size
STM_v1_0,260.85714285714283,250.0
e_coli_core,29.852272727272727,35.0
iECW_1372,267.49624060150376,315.0
iIT341,65.37037037037037,17.5
iJO1366,270.82089552238807,307.0
iML1515,278.53846153846155,320.0
iNJ661,79.41333333333333,58.0
iPC815,188.3968253968254,181.0
iSSON_1240,249.40449438202248,286.0
iYL1228,212.10416666666666,214.5
iYS1720,292.530303030303,292.0
