Organism,sl_size,median_sl_size
STM_v1_0,63.220238095238095,6
e_coli_core,18.96590909090909,22
iEK1008,46.1656050955414,25
iIT341,26.59259259259259,14
iJO1366,31.94402985074627,17
iML1515,30.958041958041957,16
iNJ661,28.386666666666667,3
iPC815,58.232804232804234,22
iSSON_1240,34.81647940074907,19
iYL1228,51.611111111111114,15
