Organism,sl_size,median_sl_size
STM_v1_0,134.52380952380952,15
e_coli_core,40.92045454545455,47
iECW_1372,65.93984962406014,29
iIT341,66.94444444444444,23
iJO1366,67.71268656716418,29
iML1515,67.22027972027972,29
iNJ661,60.81333333333333,6
iPC815,120.91005291005291,48
iSSON_1240,64.64419475655431,29
iYL1228,104.15972222222223,24
iYS1720,84.01818181818182,28
