Organism,net_diff,median_net_diff
STM_v1_0,25.833865094139405,0.000457572879624688
e_coli_core,111.84716432766812,132.72248359922986
iIT341,10.444729782772034,0.07108251119999999
iJO1366,12.46688827833786,-6.310391756220949
iML1515,17.894112410843874,-2.3720032619401303
iNJ661,0.6621778242946549,0.0020092425444
iPC815,2.4170882030675047,0.004649439299786395
iSSON_1240,13.573363758314121,-6.644370349399326
iYL1228,7.837652014329382,-0.0062601420363170845
