Organism,num_diff,median_num_diff
STM_v1_0,34.43452380952381,-11.5
e_coli_core,12.340909090909092,20.5
iEK1008,7.496815286624204,-25.0
iIT341,8.425925925925926,3.0
iJO1366,-37.18283582089552,-74.0
iML1515,-35.00349650349651,-67.0
iNJ661,18.33783783783784,11.5
iPC815,5.925925925925926,-20.0
iSSON_1240,-34.03370786516854,-79.0
iYL1228,-16.055555555555557,-28.0
