Organism,common_sl_size,median_common_sl_size
STM_v1_0,52.51190476190476,19.5
e_coli_core,13.340909090909092,15.0
iEK1008,33.955414012738856,11.0
iIT341,18.5,3.5
iJO1366,26.32089552238806,17.0
iML1515,26.902097902097903,15.0
iNJ661,26.594594594594593,12.5
iPC815,28.211640211640212,20.0
iSSON_1240,29.411985018726593,18.0
iYL1228,30.694444444444443,12.5
