Organism,num_diff,median_num_diff
STM_v1_0,-8.154761904761905,-1.0
e_coli_core,-1.6477272727272727,-1.0
iECW_1372,-9.270676691729323,-10.0
iIT341,12.574074074074074,1.0
iJO1366,-6.787313432835821,-5.0
iML1515,-4.856643356643357,-5.0
iNJ661,-7.72,-1.0
iPC815,-0.4021164021164021,-1.0
iSSON_1240,-4.164794007490637,-9.0
iYL1228,-1.1458333333333333,-1.0
iYS1720,-4.254545454545455,-8.0
