Organism,common_sl_size,median_common_sl_size
STM_v1_0,90.52380952380952,3.0
e_coli_core,27.125,33.0
iECW_1372,31.522556390977442,0.0
iIT341,49.44444444444444,3.5
iJO1366,33.5634328358209,0.5
iML1515,34.25524475524475,0.0
iNJ661,37.093333333333334,3.0
iPC815,43.26984126984127,8.0
iSSON_1240,30.093632958801496,0.0
iYL1228,49.86805555555556,5.0
iYS1720,41.54545454545455,1.0
