Organism,num_diff,median_num_diff
STM_v1_0,36.86309523809524,-2.0
e_coli_core,12.261363636363637,20.0
iEK1008,8.840764331210192,-16.0
iIT341,6.185185185185185,2.0
iJO1366,-4.376865671641791,-17.0
iML1515,-2.160839160839161,-16.0
iNJ661,6.013333333333334,2.0
iPC815,-17.788359788359788,-2.0
iSSON_1240,-0.9662921348314607,-18.0
iYL1228,-16.0,-5.0
