Organism,sl_size,median_sl_size
STM_v1_0,77.36309523809524,35.5
e_coli_core,19.727272727272727,22.0
iEK1008,49.99363057324841,29.0
iIT341,27.166666666666668,15.0
iJO1366,72.31716417910448,78.0
iML1515,71.52097902097903,79.0
iNJ661,41.33783783783784,31.5
iPC815,53.1005291005291,47.0
iSSON_1240,73.71161048689139,80.0
iYL1228,54.15277777777778,37.0
