Organism,common_sl_size,median_common_sl_size
STM_v1_0,42.10059171597633,1.0
e_coli_core,12.761363636363637,15.0
iIT341,20.209302325581394,5.0
iJO1366,14.428571428571429,0.0
iML1515,14.266666666666667,0.0
iNJ661,16.506666666666668,1.0
iPC815,15.687830687830688,3.0
iSSON_1240,15.390977443609023,0.0
iYL1228,22.5,2.5
